,first_category,second_category,third_category,brand,price,counts,sales,days
0,图书,时尚/美妆,服饰搭配,凤凰含章,30.3,1,30.3,1
1,图书,时尚/美妆,服饰搭配,联合读创,61.2,17,1040.4,17
2,宠物生活,猫狗出行,宠物配饰,派乐特,12.9,50,645.0,50
3,家居日用,婚庆节庆,其它婚庆节庆用品,拾点渔,12.8,21,268.8,20
4,家居日用,生活日用,缝纫/针织材料,阿麦思,9.9,26,257.40000000000003,26
5,家居日用,生活日用,缝纫机,赞璐桐（ZANLUTONG）,11.0,11,121.0,11
6,服饰内衣,内衣,保暖内衣,Clarkarida,258.0,50,12900.0,49
7,服饰内衣,内衣,保暖内衣,KJ,228.0,50,11400.0,28
8,服饰内衣,内衣,保暖内衣,七匹狼（SEPTWOLVES）,178.0,50,8900.0,50
9,服饰内衣,内衣,保暖内衣,七匹狼（SEPTWOLVES）,179.0,50,8950.0,50
10,服饰内衣,内衣,保暖内衣,京东京造,119.0,50,5950.0,49
11,服饰内衣,内衣,保暖内衣,南极人,69.0,50,3450.0,50
12,服饰内衣,内衣,保暖内衣,南极人（Nanjiren）,69.9,50,3495.0000000000005,50
13,服饰内衣,内衣,保暖内衣,宜而爽,97.9,100,9790.0,100
14,服饰内衣,内衣,保暖内衣,宜而爽,43.9,50,2195.0,50
15,服饰内衣,内衣,保暖内衣,宜而爽,79.9,50,3995.0000000000005,49
16,服饰内衣,内衣,保暖内衣,猫人（MiiOW）,99.0,50,4950.0,48
17,服饰内衣,内衣,保暖内衣,红豆（hongdou）,179.0,50,8950.0,50
18,服饰内衣,内衣,保暖内衣,芬腾,69.9,50,3495.0000000000005,50
19,服饰内衣,内衣,保暖内衣,莫代尔,129.9,47,6105.3,46
20,服饰内衣,内衣,保暖内衣,金利来（GOLDLION）,229.0,53,12137.0,52
21,服饰内衣,内衣,女式内裤,南极人（Nanjiren）,39.9,50,1995.0,50
22,服饰内衣,内衣,女式内裤,维彩菲（WEICAIFEI）,19.9,50,994.9999999999999,49
23,服饰内衣,内衣,文胸,Anne Angels,520.0,50,26000.0,50
24,服饰内衣,内衣,文胸,Carey Kay,138.0,50,6900.0,50
25,服饰内衣,内衣,文胸,Carey Kay,158.0,50,7900.0,50
26,服饰内衣,内衣,文胸,FitonTon,49.9,50,2495.0,50
27,服饰内衣,内衣,文胸,FitonTon,59.0,50,2950.0,50
28,服饰内衣,内衣,文胸,FitonTon,39.0,17,663.0,17
29,服饰内衣,内衣,文胸,FitonTon,64.9,9,584.1,9
30,服饰内衣,内衣,文胸,FitonTon,79.9,9,719.1,9
31,服饰内衣,内衣,文胸,FitonTon,39.9,7,279.3,7
32,服饰内衣,内衣,文胸,FitonTon,104.9,6,629.4000000000001,6
33,服饰内衣,内衣,文胸,KJ,151.0,53,8003.0,53
34,服饰内衣,内衣,文胸,KJ,158.0,6,948.0,6
35,服饰内衣,内衣,文胸,PureUP,69.9,50,3495.0000000000005,50
36,服饰内衣,内衣,文胸,Ubras,139.0,150,20850.0,150
37,服饰内衣,内衣,文胸,Ubras,149.0,118,17582.0,118
38,服饰内衣,内衣,文胸,Ubras,199.0,90,17910.0,90
39,服饰内衣,内衣,文胸,Ubras,107.0,69,7383.0,69
40,服饰内衣,内衣,文胸,Ubras,109.0,50,5450.0,50
41,服饰内衣,内衣,文胸,Ubras,152.0,50,7600.0,50
42,服饰内衣,内衣,文胸,Ubras,189.0,50,9450.0,50
43,服饰内衣,内衣,文胸,Ubras,228.0,50,11400.0,50
44,服饰内衣,内衣,文胸,Ubras,126.0,33,4158.0,33
45,服饰内衣,内衣,文胸,Ubras,169.0,31,5239.0,31
46,服饰内衣,内衣,文胸,京东京造,89.9,50,4495.0,50
47,服饰内衣,内衣,文胸,俞兆林（YUZHAOLIN）,66.7,196,13073.2,144
48,服饰内衣,内衣,文胸,俞兆林（YUZHAOLIN）,46.7,150,7005.0,149
49,服饰内衣,内衣,文胸,俞兆林（YUZHAOLIN）,19.9,50,994.9999999999999,50
50,服饰内衣,内衣,文胸,俞兆林（YUZHAOLIN）,56.7,45,2551.5,45
51,服饰内衣,内衣,文胸,俞兆林（YUZHAOLIN）,151.0,34,5134.0,34
52,服饰内衣,内衣,文胸,俞兆林（YUZHAOLIN）,76.7,15,1150.5,15
53,服饰内衣,内衣,文胸,俞兆林（YUZHAOLIN）,38.8,12,465.59999999999997,12
54,服饰内衣,内衣,文胸,俞兆林（YUZHAOLIN）,69.9,11,768.9000000000001,11
55,服饰内衣,内衣,文胸,俞兆林（YUZHAOLIN）,59.9,10,599.0,10
56,服饰内衣,内衣,文胸,俞兆林（YUZHAOLIN）,125.8,8,1006.4,8
57,服饰内衣,内衣,文胸,俞兆林（YUZHAOLIN）,39.9,2,79.8,2
58,服饰内衣,内衣,文胸,内外（NEIWAI）,169.0,54,9126.0,54
59,服饰内衣,内衣,文胸,内外（NEIWAI）,278.0,50,13900.0,50
60,服饰内衣,内衣,文胸,创颜（chuangyan）,69.9,100,6990.000000000001,100
61,服饰内衣,内衣,文胸,创颜（chuangyan）,79.9,50,3995.0000000000005,50
62,服饰内衣,内衣,文胸,创颜（chuangyan）,99.9,3,299.70000000000005,3
63,服饰内衣,内衣,文胸,北极绒（Bejirog）,39.9,50,1995.0,50
64,服饰内衣,内衣,文胸,北极绒（Bejirog）,49.9,20,998.0,20
65,服饰内衣,内衣,文胸,北极绒（Bejirog）,48.0,14,672.0,7
66,服饰内衣,内衣,文胸,千奈美,99.0,17,1683.0,17
67,服饰内衣,内衣,文胸,南极人,38.8,50,1939.9999999999998,40
68,服饰内衣,内衣,文胸,南极人（NanJiren）,39.9,50,1995.0,50
69,服饰内衣,内衣,文胸,南极人（Nanjiren）,49.9,313,15618.699999999999,313
70,服饰内衣,内衣,文胸,南极人（Nanjiren）,39.9,300,11970.0,300
71,服饰内衣,内衣,文胸,南极人（Nanjiren）,29.9,150,4485.0,150
72,服饰内衣,内衣,文胸,南极人（Nanjiren）,17.9,50,894.9999999999999,49
73,服饰内衣,内衣,文胸,南极人（Nanjiren）,38.8,50,1939.9999999999998,50
74,服饰内衣,内衣,文胸,南极人（Nanjiren）,89.9,50,4495.0,50
75,服饰内衣,内衣,文胸,南极人（Nanjiren）,59.9,26,1557.3999999999999,26
76,服饰内衣,内衣,文胸,南极人（Nanjiren）,89.0,19,1691.0,19
77,服饰内衣,内衣,文胸,南极人（Nanjiren）,59.0,2,118.0,2
78,服饰内衣,内衣,文胸,南极人（Nanjiren）,47.9,1,47.9,1
79,服饰内衣,内衣,文胸,南极人（Nanjiren）,69.0,1,69.0,1
80,服饰内衣,内衣,文胸,古今（GUJIN）,105.0,50,5250.0,50
81,服饰内衣,内衣,文胸,古今（GUJIN）,119.0,12,1428.0,12
82,服饰内衣,内衣,文胸,古际（GUJIVIP）,59.9,50,2995.0,49
83,服饰内衣,内衣,文胸,古际（GUJIVIP）,39.9,46,1835.3999999999999,46
84,服饰内衣,内衣,文胸,圣迪亚丝,99.0,50,4950.0,50
85,服饰内衣,内衣,文胸,好奇蜜斯（Miss Curiosity）,79.8,50,3990.0,50
86,服饰内衣,内衣,文胸,妮姬塔（NIJITA）,62.0,51,3162.0,51
87,服饰内衣,内衣,文胸,妮姬塔（NIJITA）,55.0,50,2750.0,50
88,服饰内衣,内衣,文胸,婷美（GRACEWELL）,158.0,7,1106.0,6
89,服饰内衣,内衣,文胸,幸棉（LUCKMEEY）,139.0,50,6950.0,49
90,服饰内衣,内衣,文胸,必悦（Mustbefun）,69.9,42,2935.8,42
91,服饰内衣,内衣,文胸,曼可娇（mankejiao）,79.0,50,3950.0,50
92,服饰内衣,内衣,文胸,曼妮芬（Maniform）,339.0,33,11187.0,33
93,服饰内衣,内衣,文胸,曼妮芬（Maniform）,299.0,3,897.0,3
94,服饰内衣,内衣,文胸,曼妮芬（Maniform）,300.0,1,300.0,1
95,服饰内衣,内衣,文胸,有棵树（YOUKESHU）,89.9,81,7281.900000000001,81
96,服饰内衣,内衣,文胸,有棵树（YOUKESHU）,129.9,68,8833.2,68
97,服饰内衣,内衣,文胸,有棵树（YOUKESHU）,80.9,61,4934.900000000001,61
98,服饰内衣,内衣,文胸,梦芭蒂（Moonbadi）,139.0,12,1668.0,12
99,服饰内衣,内衣,文胸,梦芭蒂（Moonbadi）,129.0,9,1161.0,9
100,服饰内衣,内衣,文胸,欧迪芬（Ordifen）,239.0,100,23900.0,100
101,服饰内衣,内衣,文胸,欧迪芬（Ordifen）,235.0,50,11750.0,50
102,服饰内衣,内衣,文胸,沫濛,39.0,50,1950.0,50
103,服饰内衣,内衣,文胸,浪莎（LangSha）,99.0,100,9900.0,100
104,服饰内衣,内衣,文胸,浪莎（LangSha）,129.0,50,6450.0,50
105,服饰内衣,内衣,文胸,浪莎（LangSha）,38.8,3,116.39999999999999,3
106,服饰内衣,内衣,文胸,浪莎（LangSha）,29.0,1,29.0,1
107,服饰内衣,内衣,文胸,爱慕（Aimer）,239.0,50,11950.0,50
108,服饰内衣,内衣,文胸,爱慕（Aimer）,109.0,6,654.0,6
109,服饰内衣,内衣,文胸,猫人（MiiOW）,49.9,50,2495.0,50
110,服饰内衣,内衣,文胸,猫人（MiiOW）,69.9,50,3495.0000000000005,50
111,服饰内衣,内衣,文胸,猫人（MiiOW）,149.9,26,3897.4,26
112,服饰内衣,内衣,文胸,猫惑（MAOHUO）,241.0,50,12050.0,50
113,服饰内衣,内衣,文胸,维多利亚的优雅（VICTORIA'S ELEGANT）,288.0,18,5184.0,18
114,服饰内衣,内衣,文胸,维多利亚的春天,238.0,14,3332.0,14
115,服饰内衣,内衣,文胸,芬腾,99.0,100,9900.0,50
116,服饰内衣,内衣,文胸,芬腾,69.0,50,3450.0,50
117,服饰内衣,内衣,文胸,芬腾,79.0,50,3950.0,50
118,服饰内衣,内衣,文胸,芬腾,89.0,50,4450.0,50
119,服饰内衣,内衣,文胸,芬腾,89.9,17,1528.3000000000002,17
120,服饰内衣,内衣,文胸,芬腾,139.0,9,1251.0,9
121,服饰内衣,内衣,文胸,莫代尔,65.8,200,13160.0,200
122,服饰内衣,内衣,文胸,莫代尔,55.8,100,5580.0,100
123,服饰内衣,内衣,文胸,莫代尔,39.9,50,1995.0,50
124,服饰内衣,内衣,文胸,莫代尔,45.8,50,2290.0,50
125,服饰内衣,内衣,文胸,莫代尔,49.9,50,2495.0,50
126,服饰内衣,内衣,文胸,莫代尔,75.8,50,3790.0,50
127,服饰内衣,内衣,文胸,莫代尔,105.8,50,5290.0,50
128,服饰内衣,内衣,文胸,莫代尔,116.9,46,5377.400000000001,46
129,服饰内衣,内衣,文胸,莫代尔,99.0,39,3861.0,39
130,服饰内衣,内衣,文胸,莫代尔,125.8,17,2138.6,17
131,服饰内衣,内衣,文胸,莫代尔,145.8,14,2041.2000000000003,14
132,服饰内衣,内衣,文胸,蕉下（beneunder）,169.0,12,2028.0,6
133,服饰内衣,内衣,文胸,蕉下（beneunder）,139.0,10,1390.0,10
134,服饰内衣,内衣,文胸,蕉内（Bananain）,119.0,63,7497.0,63
135,服饰内衣,内衣,文胸,蕉内（Bananain）,169.0,50,8450.0,50
136,服饰内衣,内衣,文胸,蜜沁馨,49.0,50,2450.0,50
137,服饰内衣,内衣,文胸,都市丽人,109.0,150,16350.0,148
138,服饰内衣,内衣,文胸,都市丽人,99.0,100,9900.0,99
139,服饰内衣,内衣,文胸,都市丽人,129.0,58,7482.0,58
140,服饰内衣,内衣,文胸,都市丽人,89.0,50,4450.0,50
141,服饰内衣,内衣,文胸,都市丽人,104.9,50,5245.0,49
142,服饰内衣,内衣,文胸,都市丽人,124.9,50,6245.0,50
143,服饰内衣,内衣,文胸,都市丽人,114.9,15,1723.5,15
144,服饰内衣,内衣,文胸,雅姿花（YAZIHUA）,99.0,50,4950.0,50
145,服饰内衣,内衣,文胸,雅珠倩（yazhuqian）,108.0,50,5400.0,50
146,服饰内衣,内衣,文胸,雅黛俪（ALDOLA）,89.0,6,534.0,6
147,服饰内衣,内衣,文胸套装,欧迪芬（Ordifen）,205.0,50,10250.0,50
148,服饰内衣,内衣,文胸套装,都市丽人,124.9,100,12490.0,100
149,服饰内衣,内衣,文胸套装,都市丽人,134.9,50,6745.0,50
150,服饰内衣,内衣,文胸套装,都市丽人,199.0,3,597.0,3
151,服饰内衣,内衣,秋衣秋裤,秋衣,45.0,64,2880.0,64
152,服饰内衣,内衣,秋衣秋裤,秋衣,49.0,43,2107.0,43
153,服饰内衣,内衣,秋衣秋裤,秋衣,125.0,1,125.0,1
154,服饰内衣,内衣,秋衣秋裤,秋衣秋裤套装,49.9,150,7485.0,146
155,服饰内衣,内衣,秋衣秋裤,秋衣秋裤套装,89.8,150,13470.0,101
156,服饰内衣,内衣,秋衣秋裤,秋衣秋裤套装,129.0,138,17802.0,94
157,服饰内衣,内衣,秋衣秋裤,秋衣秋裤套装,49.8,100,4980.0,50
158,服饰内衣,内衣,秋衣秋裤,秋衣秋裤套装,59.8,100,5980.0,50
159,服饰内衣,内衣,秋衣秋裤,秋衣秋裤套装,79.0,100,7900.0,96
160,服饰内衣,内衣,秋衣秋裤,秋衣秋裤套装,89.0,100,8900.0,100
161,服饰内衣,内衣,秋衣秋裤,秋衣秋裤套装,99.9,100,9990.0,50
162,服饰内衣,内衣,秋衣秋裤,秋衣秋裤套装,49.0,50,2450.0,50
163,服饰内衣,内衣,秋衣秋裤,秋衣秋裤套装,69.0,50,3450.0,50
164,服饰内衣,内衣,秋衣秋裤,秋衣秋裤套装,69.8,50,3490.0,50
165,服饰内衣,内衣,秋衣秋裤,秋衣秋裤套装,85.0,50,4250.0,50
166,服饰内衣,内衣,秋衣秋裤,秋衣秋裤套装,98.0,50,4900.0,50
167,服饰内衣,内衣,秋衣秋裤,秋衣秋裤套装,99.0,50,4950.0,50
168,服饰内衣,内衣,秋衣秋裤,秋衣秋裤套装,109.0,50,5450.0,50
169,服饰内衣,内衣,秋衣秋裤,秋衣秋裤套装,139.0,50,6950.0,50
170,服饰内衣,内衣,秋衣秋裤,秋衣秋裤套装,158.0,50,7900.0,50
171,服饰内衣,内衣,秋衣秋裤,秋衣秋裤套装,107.8,4,431.2,4
172,服饰内衣,女装,T恤,俞兆林（YUZHAOLIN）,84.15,50,4207.5,50
173,服饰内衣,女装,T恤,咕嘟咪（Gudumi）,36.0,1,36.0,1
174,服饰内衣,女装,T恤,妃丽慕尚（FEILIMUSHANG）,39.0,50,1950.0,50
175,服饰内衣,女装,T恤,富贵鸟（FUGUINIAO）,208.0,46,9568.0,46
176,服饰内衣,女装,T恤,携尔曼（XIEERMAN）,59.4,11,653.4,11
177,服饰内衣,女装,T恤,朵伶诗儿,56.9,12,682.8,12
178,服饰内衣,女装,T恤,欧妤（OUYU）,69.0,28,1932.0,24
179,服饰内衣,女装,T恤,真维斯（JEANSWEST）,69.0,4,276.0,4
180,服饰内衣,女装,T恤,红蜻蜓（RED DRAGONFLY）,68.6,50,3429.9999999999995,50
181,服饰内衣,女装,T恤,纯信,49.9,50,2495.0,50
182,服饰内衣,女装,休闲裤,FitonTon,99.0,106,10494.0,106
183,服饰内衣,女装,休闲裤,FitonTon,129.0,50,6450.0,50
184,服饰内衣,女装,休闲裤,FitonTon,109.0,11,1199.0,11
185,服饰内衣,女装,休闲裤,妥妮,49.0,13,637.0,13
186,服饰内衣,女装,休闲裤,子牧棉麻,48.9,44,2151.6,41
187,服饰内衣,女装,休闲裤,忆轶,46.9,16,750.4,14
188,服饰内衣,女装,休闲裤,新雁过妆楼,89.0,20,1780.0,20
189,服饰内衣,女装,休闲裤,欧洛黛（OULUODAI）,79.9,50,3995.0000000000005,50
190,服饰内衣,女装,休闲裤,歌蜜奴（GEMINU）,68.0,50,3400.0,50
191,服饰内衣,女装,休闲裤,浪莎,69.0,5,345.0,5
192,服饰内衣,女装,休闲裤,浪莎（LangSha）,119.0,50,5950.0,50
193,服饰内衣,女装,休闲裤,浪莎（LangSha）,79.0,14,1106.0,14
194,服饰内衣,女装,休闲裤,浪莎（LangSha）,68.0,11,748.0,11
195,服饰内衣,女装,休闲裤,浪莎（langsha）,79.0,60,4740.0,60
196,服饰内衣,女装,休闲裤,浪莎（langsha）,69.0,1,69.0,1
197,服饰内衣,女装,休闲裤,犹抱琵琶,89.0,50,4450.0,50
198,服饰内衣,女装,休闲裤,玖卡依（JIUKAYI）,79.0,50,3950.0,50
199,服饰内衣,女装,休闲裤,网易严选,69.0,5,345.0,5
200,服饰内衣,女装,休闲裤,腿中狼,55.2,35,1932.0,35
201,服饰内衣,女装,休闲裤,韩丝梵,79.0,17,1343.0,17
202,服饰内衣,女装,半身裙,梵乔希（VONGOHEX）,1335.0,3,4005.0,3
203,服饰内衣,女装,半身裙,梵乔希（VONGOHEX）,1458.0,2,2916.0,2
204,服饰内衣,女装,半身裙,欧莎（OSA）,329.0,1,329.0,1
205,服饰内衣,女装,卫衣,Halo Queen,116.0,23,2668.0,23
206,服饰内衣,女装,卫衣,LA CHAPELLE HOMME,128.0,50,6400.0,50
207,服饰内衣,女装,卫衣,La Chapelle,229.0,32,7328.0,32
208,服饰内衣,女装,卫衣,NY,88.0,11,968.0,11
209,服饰内衣,女装,卫衣,TZXT,365.0,27,9855.0,27
210,服饰内衣,女装,卫衣,冰悦诗（BINGYUESHI）,88.0,50,4400.0,50
211,服饰内衣,女装,卫衣,岚烨,99.0,37,3663.0,37
212,服饰内衣,女装,卫衣,帝黛（DIDAI）,188.0,50,9400.0,50
213,服饰内衣,女装,卫衣,木林森（MULINSEN）,98.0,50,4900.0,50
214,服饰内衣,女装,卫衣,欧妤（OUYU）,69.9,65,4543.5,63
215,服饰内衣,女装,卫衣,欧迪惠（Oudihui）,278.0,50,13900.0,50
216,服饰内衣,女装,卫衣,欧迪惠（Oudihui）,98.0,5,490.0,5
217,服饰内衣,女装,卫衣,红蜻蜓（RED DRAGONFLY）,82.6,50,4130.0,50
218,服饰内衣,女装,卫衣,红蜻蜓（RED DRAGONFLY）,148.0,50,7400.0,50
219,服饰内衣,女装,卫衣,罗蒙（ROMON）,139.0,43,5977.0,43
220,服饰内衣,女装,卫衣,罗蒙（ROMON）,149.0,16,2384.0,16
221,服饰内衣,女装,卫衣,罗蒙（ROMON）,98.0,11,1078.0,11
222,服饰内衣,女装,卫衣,罗蒙（ROMON）,119.0,5,595.0,5
223,服饰内衣,女装,卫衣,蔻兰丹（KOULANDAN）,89.0,181,16109.0,131
224,服饰内衣,女装,卫衣,蝶娇诺（DIEJIAONUO）,148.0,50,7400.0,49
225,服饰内衣,女装,卫衣,衣典零一（LEDIALYI）,189.0,50,9450.0,49
226,服饰内衣,女装,卫衣,衣典零一（LEDIALYI）,179.0,46,8234.0,23
227,服饰内衣,女装,卫衣,衣典零一（LEDIALYI）,199.0,38,7562.0,38
228,服饰内衣,女装,卫衣,韩璐娇（hanlujiao）,138.0,50,6900.0,50
229,服饰内衣,女装,女装套装,拉夏贝尔（La Chapelle）,269.0,21,5649.0,21
230,服饰内衣,女装,小西装,雅鹿,158.0,1,158.0,1
231,服饰内衣,女装,打底衫,帕兰朵,49.9,23,1147.7,23
232,服饰内衣,女装,打底衫,浪莎（LangSha）,59.9,50,2995.0,50
233,服饰内衣,女装,打底衫,莫代尔,39.9,50,1995.0,50
234,服饰内衣,女装,打底裤,浪莎（LangSha）,59.0,50,2950.0,50
235,服饰内衣,女装,打底裤,浪莎（LangSha）,69.0,50,3450.0,50
236,服饰内衣,女装,毛呢大衣,婉扣（WANKOU）,1098.0,21,23058.0,21
237,服饰内衣,女装,毛呢大衣,拉夏贝尔（La Chapelle）,296.1,1,296.1,1
238,服饰内衣,女装,毛衣,恒源祥,288.0,2,576.0,2
239,服饰内衣,女装,牛仔裤,浪莎（LangSha）,119.0,50,5950.0,50
240,服饰内衣,女装,牛仔裤,翊尚美（yishangmei）,61.9,6,371.4,5
241,服饰内衣,女装,短外套,BODACHEL,218.0,1,218.0,1
242,服饰内衣,女装,短外套,LA CHAPELLE HOMME,149.0,3,447.0,3
243,服饰内衣,女装,短外套,QGF,128.0,50,6400.0,50
244,服饰内衣,女装,短外套,bde,35.9,1,35.9,1
245,服饰内衣,女装,短外套,介陌,148.0,50,7400.0,50
246,服饰内衣,女装,短外套,北极绒（Bejirog）,218.0,27,5886.0,27
247,服饰内衣,女装,短外套,北极绒（Bejirog）,228.0,12,2736.0,11
248,服饰内衣,女装,短外套,北极绒（Bejirog）,198.0,7,1386.0,4
249,服饰内衣,女装,短外套,北极绒（Bejirog）,248.0,6,1488.0,6
250,服饰内衣,女装,短外套,单蜜（Danmi）,159.0,15,2385.0,15
251,服饰内衣,女装,短外套,单蜜（Danmi）,189.0,13,2457.0,13
252,服饰内衣,女装,短外套,唐狮（TonLion）,219.9,6,1319.4,6
253,服饰内衣,女装,短外套,唐狮（TonLion）,189.9,4,759.6,4
254,服饰内衣,女装,短外套,太平鸟,1399.0,3,4197.0,3
255,服饰内衣,女装,短外套,妍莉芬（yanlifen）,136.0,50,6800.0,50
256,服饰内衣,女装,短外套,尚都比拉（Sentubila）,499.0,1,499.0,1
257,服饰内衣,女装,短外套,楚馨,178.0,45,8010.0,45
258,服饰内衣,女装,短外套,楚馨,218.0,2,436.0,2
259,服饰内衣,女装,短外套,欧妤（OUYU）,129.0,29,3741.0,29
260,服饰内衣,女装,短外套,皮尔卡丹（pierre cardin）,299.0,6,1794.0,6
261,服饰内衣,女装,短外套,穆夏百合（MUXIABAIHE）,198.0,27,5346.0,27
262,服饰内衣,女装,短外套,罗衿,168.0,5,840.0,5
263,服饰内衣,女装,短外套,蓝玑（LANJI）,189.0,8,1512.0,8
264,服饰内衣,女装,短外套,蕉下（beneunder）,209.0,49,10241.0,49
265,服饰内衣,女装,短外套,衣典零一（LEDIALYI）,189.0,15,2835.0,15
266,服饰内衣,女装,短外套,贝普蒂,148.0,5,740.0,5
267,服饰内衣,女装,短外套,遠铭（Yuanming）,128.0,5,640.0,5
268,服饰内衣,女装,羽绒服,雪中飞,518.0,18,9324.0,18
269,服饰内衣,女装,衬衫,初申,89.0,50,4450.0,50
270,服饰内衣,女装,衬衫,罗蒙（ROMON）,129.0,15,1935.0,15
271,服饰内衣,女装,连衣裙,LA CHAPELLE HOMME,128.0,4,512.0,4
272,服饰内衣,女装,连衣裙,LA CHAPELLE HOMME,125.1,3,375.29999999999995,3
273,服饰内衣,女装,连衣裙,La Chapelle,289.0,9,2601.0,9
274,服饰内衣,女装,连衣裙,La Chapelle Sport,148.8,5,744.0,5
275,服饰内衣,女装,连衣裙,La Chapelle Sport,148.0,1,148.0,1
276,服饰内衣,女装,连衣裙,佰蓝娇,239.0,50,11950.0,49
277,服饰内衣,女装,连衣裙,北极绒（Bejirog）,228.0,50,11400.0,50
278,服饰内衣,女装,连衣裙,妍莉芬（yanlifen）,178.0,9,1602.0,9
279,服饰内衣,女装,连衣裙,妍莉芬（yanlifen）,128.0,4,512.0,4
280,服饰内衣,女装,连衣裙,拉夏贝尔（La Chapelle）,239.0,2,478.0,2
281,服饰内衣,女装,连衣裙,朗姿,911.0,2,1822.0,2
282,服饰内衣,女装,连衣裙,欧若婷雅,148.0,6,888.0,6
283,服饰内衣,女装,连衣裙,汐颜,168.0,3,504.0,3
284,服饰内衣,女装,连衣裙,皮尔卡丹（pierre cardin）,158.0,50,7900.0,50
285,服饰内衣,女装,连衣裙,皮尔卡丹（pierre cardin）,618.0,4,2472.0,4
286,服饰内衣,女装,连衣裙,红蜻蜓（RED DRAGONFLY）,139.0,50,6950.0,50
287,服饰内衣,女装,连衣裙,绿夕（REAXUR）,368.0,22,8096.0,22
288,服饰内衣,女装,连衣裙,美连诚,199.0,50,9950.0,48
289,服饰内衣,女装,连衣裙,衣典零一（LEDIALYI）,219.0,100,21900.0,50
290,服饰内衣,女装,连衣裙,衣典零一（LEDIALYI）,199.0,50,9950.0,50
291,服饰内衣,女装,连衣裙,阁礼莎（Gllicar）,118.0,50,5900.0,50
292,服饰内衣,女装,连衣裙,黛美琪（Daimeiqi）,159.0,50,7950.0,50
293,服饰内衣,女装,连衣裙,黛美琪（Daimeiqi）,198.0,50,9900.0,50
294,服饰内衣,女装,针织衫,FINLUVXXI,56.8,1,56.8,1
295,服饰内衣,女装,针织衫,LA CHAPELLE HOMME,119.0,44,5236.0,44
296,服饰内衣,女装,针织衫,LA CHAPELLE HOMME,128.0,22,2816.0,22
297,服饰内衣,女装,针织衫,La Chapelle,249.0,50,12450.0,50
298,服饰内衣,女装,针织衫,La Chapelle,239.0,35,8365.0,35
299,服饰内衣,女装,针织衫,La Chapelle,349.0,1,349.0,1
300,服饰内衣,女装,针织衫,五个橘子,99.0,1,99.0,1
301,服饰内衣,女装,针织衫,初申,71.0,19,1349.0,19
302,服饰内衣,女装,针织衫,北极绒（Bejirog）,168.0,16,2688.0,16
303,服饰内衣,女装,针织衫,品彩（PinCai）,71.0,2,142.0,2
304,服饰内衣,女装,针织衫,宾迅（BINXUN）,268.0,2,536.0,2
305,服饰内衣,女装,针织衫,彩羊（Fazeya）,48.6,5,243.0,5
306,服饰内衣,女装,针织衫,拉夏贝尔（La Chapelle）,128.0,40,5120.0,40
307,服饰内衣,女装,针织衫,拉夏贝尔（La Chapelle）,119.0,4,476.0,4
308,服饰内衣,女装,针织衫,柏诺雅（Bonuoya）,138.0,50,6900.0,50
309,服饰内衣,女装,针织衫,欧莎（OSA）,329.0,13,4277.0,13
310,服饰内衣,女装,针织衫,欧贝汐,58.0,50,2900.0,50
311,服饰内衣,女装,针织衫,珞妮（LUONI）,59.0,4,236.0,4
312,服饰内衣,女装,针织衫,皮尔卡丹（pierre cardin）,128.0,89,11392.0,84
313,服饰内衣,女装,针织衫,皮尔卡丹（pierre cardin）,119.0,8,952.0,6
314,服饰内衣,女装,针织衫,红蜻蜓（RED DRAGONFLY）,128.0,50,6400.0,50
315,服饰内衣,女装,针织衫,罗蒙（ROMON）,128.0,8,1024.0,4
316,服饰内衣,女装,针织衫,翊尚美（yishangmei）,107.9,40,4316.0,40
317,服饰内衣,女装,针织衫,腿中狼,45.0,7,315.0,7
318,服饰内衣,女装,针织衫,萱旎（XuanNi）,79.0,50,3950.0,48
319,服饰内衣,女装,风衣,罗蒙（ROMON）,159.0,7,1113.0,7
320,服饰内衣,服饰配件,时尚腰带,MAXVIVI,9.9,50,495.0,50
321,服饰内衣,服饰配件,时尚腰带,多菲尼森（dophnison）,26.9,50,1345.0,50
322,服饰内衣,服饰配件,棒球帽,多菲尼森（dophnison）,29.9,50,1495.0,50
323,服饰内衣,服饰配件,渔夫帽,KANGOL,472.0,3,1416.0,0
324,服饰内衣,服饰配件,袖扣,GLO-STORY,49.0,56,2744.0,28
325,服饰内衣,服饰配件,防晒手套,红蜻蜓（RED DRAGONFLY）,19.0,50,950.0,0
326,服饰内衣,服饰配件,领带/领结/领带夹,GLO-STORY,39.0,1,39.0,1
327,服饰内衣,男装,T恤,GLM,49.9,50,2495.0,45
328,服饰内衣,男装,T恤,Jeep,158.0,50,7900.0,49
329,服饰内衣,男装,T恤,KIN DON,69.0,50,3450.0,50
330,服饰内衣,男装,T恤,MARKLESS,179.0,31,5549.0,31
331,服饰内衣,男装,T恤,SWJEANS,58.0,10,580.0,10
332,服饰内衣,男装,T恤,grosfairy,679.0,14,9506.0,13
333,服饰内衣,男装,T恤,grosfairy,649.0,9,5841.0,9
334,服饰内衣,男装,T恤,grosfairy,659.0,4,2636.0,4
335,服饰内衣,男装,T恤,grosfairy,669.0,4,2676.0,4
336,服饰内衣,男装,T恤,与狼共舞（DANCING WOLVES）,179.0,50,8950.0,50
337,服饰内衣,男装,T恤,乐希源,88.0,50,4400.0,50
338,服饰内衣,男装,T恤,京东京造,37.9,50,1895.0,50
339,服饰内衣,男装,T恤,京东京造,96.9,50,4845.0,49
340,服饰内衣,男装,T恤,佐丹奴,169.9,50,8495.0,50
341,服饰内衣,男装,T恤,佐丹奴（Giordano）,79.9,35,2796.5,35
342,服饰内衣,男装,T恤,南极人（Nanjiren）,79.0,100,7900.0,99
343,服饰内衣,男装,T恤,卡帝乐鳄鱼（CARTELO）,118.0,50,5900.0,50
344,服饰内衣,男装,T恤,吉普（JEEP）,134.0,50,6700.0,50
345,服饰内衣,男装,T恤,吉普（JEEP）,158.0,50,7900.0,47
346,服饰内衣,男装,T恤,吉普（JEEP）,148.0,15,2220.0,15
347,服饰内衣,男装,T恤,威觉（WEIJUE）,39.0,50,1950.0,49
348,服饰内衣,男装,T恤,恒源祥,205.0,50,10250.0,50
349,服饰内衣,男装,T恤,恒源祥（HYX）,99.0,30,2970.0,30
350,服饰内衣,男装,T恤,敦尼亚（DUNNIYA）,108.0,50,5400.0,50
351,服饰内衣,男装,T恤,欧 郎 格（OU LANG GE）,59.0,50,2950.0,50
352,服饰内衣,男装,T恤,欧郎格（OULANGGE）,69.0,39,2691.0,39
353,服饰内衣,男装,T恤,海澜之家（HLA）,178.0,50,8900.0,50
354,服饰内衣,男装,T恤,海澜之家（HLA）,112.0,6,672.0,6
355,服饰内衣,男装,T恤,海澜优选,138.0,50,6900.0,50
356,服饰内衣,男装,T恤,班尼路（Baleno）,53.0,50,2650.0,50
357,服饰内衣,男装,T恤,班尼路（Baleno）,59.0,50,2950.0,50
358,服饰内衣,男装,T恤,真维斯（JEANSWEST）,79.3,3,237.89999999999998,3
359,服饰内衣,男装,T恤,真维斯（Jeanswest）,49.0,50,2450.0,50
360,服饰内衣,男装,T恤,真维斯（Jeanswest）,59.9,7,419.3,7
361,服饰内衣,男装,T恤,真维斯（Jeanswest）,69.9,5,349.5,5
362,服饰内衣,男装,T恤,稻草人（MEXICAN）,59.0,100,5900.0,97
363,服饰内衣,男装,T恤,稻草人（MEXICAN）,69.0,50,3450.0,50
364,服饰内衣,男装,T恤,罗蒙（ROMON）,89.0,29,2581.0,29
365,服饰内衣,男装,T恤,罗蒙（ROMON）,139.0,21,2919.0,21
366,服饰内衣,男装,T恤,花花公子,158.0,42,6636.0,41
367,服饰内衣,男装,T恤,范哲爵,299.0,7,2093.0,7
368,服饰内衣,男装,T恤,邦乔仕（BFDQJS）,35.0,32,1120.0,32
369,服饰内衣,男装,T恤,阿诺顿（ARNUODON）,59.0,50,2950.0,50
370,服饰内衣,男装,T恤,雾卡,79.0,45,3555.0,45
371,服饰内衣,男装,T恤,鹿凌青,58.0,41,2378.0,41
372,服饰内衣,男装,休闲裤,B-22,68.0,5,340.0,5
373,服饰内衣,男装,休闲裤,Colombass,79.0,50,3950.0,50
374,服饰内衣,男装,休闲裤,FEIYU LEE,138.0,50,6900.0,49
375,服饰内衣,男装,休闲裤,FitonTon,79.0,32,2528.0,32
376,服饰内衣,男装,休闲裤,Foss Phil,99.0,3,297.0,3
377,服饰内衣,男装,休闲裤,MR.MUDI,158.0,14,2212.0,14
378,服饰内衣,男装,休闲裤,京东京造,109.0,100,10900.0,51
379,服饰内衣,男装,休闲裤,凡品丹尼（FANPINDANNI）,118.0,39,4602.0,39
380,服饰内衣,男装,休闲裤,南极人（Nanjiren）,68.0,50,3400.0,50
381,服饰内衣,男装,休闲裤,南极人（Nanjiren）,69.0,50,3450.0,50
382,服饰内衣,男装,休闲裤,南极人（Nanjiren）,99.0,50,4950.0,49
383,服饰内衣,男装,休闲裤,卡帝乐鳄鱼（CARTELO）,139.0,50,6950.0,50
384,服饰内衣,男装,休闲裤,吉普（JEEP）,151.0,50,7550.0,46
385,服饰内衣,男装,休闲裤,吉普（JEEP）,158.0,13,2054.0,13
386,服饰内衣,男装,休闲裤,吉普（JEEP）,178.0,3,534.0,3
387,服饰内衣,男装,休闲裤,啄木鸟（TUCANO）,69.0,50,3450.0,46
388,服饰内衣,男装,休闲裤,啄木鸟（TUCANO）,118.0,50,5900.0,50
389,服饰内衣,男装,休闲裤,威觉（WEIJUE）,39.0,50,1950.0,50
390,服饰内衣,男装,休闲裤,海澜优选,143.0,50,7150.0,50
391,服饰内衣,男装,休闲裤,海澜优选,168.0,50,8400.0,50
392,服饰内衣,男装,休闲裤,百鹊亭（BAIQUETING）,49.0,100,4900.0,50
393,服饰内衣,男装,休闲裤,百鹊亭（BAIQUETING）,59.0,50,2950.0,50
394,服饰内衣,男装,休闲裤,示牧,58.0,50,2900.0,50
395,服饰内衣,男装,休闲裤,稻草人（MEXICAN）,99.0,100,9900.0,97
396,服饰内衣,男装,休闲裤,罗蒙（ROMON）,159.0,50,7950.0,46
397,服饰内衣,男装,休闲裤,雀里,148.0,50,7400.0,50
398,服饰内衣,男装,休闲裤,雅鹿,109.0,50,5450.0,50
399,服饰内衣,男装,卫衣,Colombass,129.0,50,6450.0,50
400,服饰内衣,男装,卫衣,POUM,59.0,47,2773.0,47
401,服饰内衣,男装,卫衣,乐希源,128.0,50,6400.0,49
402,服饰内衣,男装,卫衣,京东京造,99.0,50,4950.0,50
403,服饰内衣,男装,卫衣,南极人（Nanjiren）,98.0,13,1274.0,13
404,服饰内衣,男装,卫衣,吉普（JEEP）,148.0,50,7400.0,48
405,服饰内衣,男装,卫衣,吉普（JEEP）,118.0,2,236.0,2
406,服饰内衣,男装,卫衣,嘉筱,58.0,50,2900.0,49
407,服饰内衣,男装,卫衣,泽克（ZEKE）,138.0,50,6900.0,50
408,服饰内衣,男装,卫衣,稻草人（MEXICAN）,88.0,50,4400.0,46
409,服饰内衣,男装,卫衣,罗蒙（ROMON）,160.0,50,8000.0,50
410,服饰内衣,男装,卫衣,罗蒙（ROMON）,198.0,36,7128.0,36
411,服饰内衣,男装,夹克,AEMAPE,148.0,50,7400.0,50
412,服饰内衣,男装,夹克,AEMAPE,168.0,50,8400.0,50
413,服饰内衣,男装,夹克,AEMAPE,158.0,20,3160.0,10
414,服饰内衣,男装,夹克,Cebrodz,139.0,1,139.0,1
415,服饰内衣,男装,夹克,Jeep,248.0,50,12400.0,50
416,服饰内衣,男装,夹克,NASALIKE,168.0,50,8400.0,50
417,服饰内衣,男装,夹克,七匹狼（SEPTWOLVES）,433.0,50,21650.0,49
418,服饰内衣,男装,夹克,七匹狼（SEPTWOLVES）,439.0,50,21950.0,48
419,服饰内衣,男装,夹克,七匹狼（SEPTWOLVES）,639.0,47,30033.0,47
420,服饰内衣,男装,夹克,七匹狼（SEPTWOLVES）,391.02,6,2346.12,6
421,服饰内衣,男装,夹克,与狼共舞（DANCING WOLVES）,399.0,50,19950.0,50
422,服饰内衣,男装,夹克,与狼共舞（DANCING WOLVES）,419.0,50,20950.0,50
423,服饰内衣,男装,夹克,与狼共舞（DANCING WOLVES）,459.0,50,22950.0,50
424,服饰内衣,男装,夹克,九牧王（JOEONE）,699.0,50,34950.0,47
425,服饰内衣,男装,夹克,冉臣,68.0,50,3400.0,50
426,服饰内衣,男装,夹克,加洲公牛（CALIFBULL）,299.0,50,14950.0,50
427,服饰内衣,男装,夹克,华天牧,138.0,50,6900.0,50
428,服饰内衣,男装,夹克,华见,98.0,50,4900.0,50
429,服饰内衣,男装,夹克,南极人（Nanjiren）,69.0,50,3450.0,50
430,服饰内衣,男装,夹克,南极人（Nanjiren）,79.0,50,3950.0,50
431,服饰内衣,男装,夹克,南极人（Nanjiren）,138.0,50,6900.0,50
432,服饰内衣,男装,夹克,南极人（Nanjiren）,148.0,50,7400.0,49
433,服饰内衣,男装,夹克,南极人（Nanjiren）,158.0,50,7900.0,50
434,服饰内衣,男装,夹克,南极人（Nanjiren）,248.0,14,3472.0,14
435,服饰内衣,男装,夹克,南极人（Nanjiren）,108.0,1,108.0,1
436,服饰内衣,男装,夹克,卡帝乐鳄鱼（CARTELO）,168.0,50,8400.0,50
437,服饰内衣,男装,夹克,卡帝乐鳄鱼（CARTELO）,178.0,50,8900.0,48
438,服饰内衣,男装,夹克,卡帝乐鳄鱼（CARTELO）,198.0,50,9900.0,49
439,服饰内衣,男装,夹克,叹嗟,88.0,50,4400.0,50
440,服饰内衣,男装,夹克,吉普（JEEP）,178.0,150,26700.0,143
441,服饰内衣,男装,夹克,吉普（JEEP）,158.0,100,15800.0,100
442,服饰内衣,男装,夹克,吉普（JEEP）,168.0,100,16800.0,100
443,服饰内衣,男装,夹克,吉普（JEEP）,188.0,100,18800.0,95
444,服饰内衣,男装,夹克,吉普（JEEP）,198.0,50,9900.0,48
445,服饰内衣,男装,夹克,吉普（JEEP）,214.0,50,10700.0,47
446,服饰内衣,男装,夹克,吉普（JEEP）,218.0,50,10900.0,50
447,服饰内衣,男装,夹克,吉普（JEEP）,238.0,50,11900.0,49
448,服饰内衣,男装,夹克,吉普（JEEP）,149.0,1,149.0,1
449,服饰内衣,男装,夹克,唐狮（TonLion）,199.9,50,9995.0,50
450,服饰内衣,男装,夹克,啄木鸟（TUCANO）,268.0,3,804.0,3
451,服饰内衣,男装,夹克,回力,129.0,50,6450.0,47
452,服饰内衣,男装,夹克,太子龙（TEDELON）,149.52,50,7476.000000000001,50
453,服饰内衣,男装,夹克,富贵鸟（FUGUINIAO）,168.0,100,16800.0,95
454,服饰内衣,男装,夹克,恒源祥,350.0,50,17500.0,50
455,服饰内衣,男装,夹克,木林森（MULINSEN）,128.0,50,6400.0,48
456,服饰内衣,男装,夹克,柒牌(SEVEN),499.0,50,24950.0,50
457,服饰内衣,男装,夹克,梵逆（FAAXNEEV）,3616.0,3,10848.0,3
458,服饰内衣,男装,夹克,梵逆（FAAXNEEV）,4436.0,3,13308.0,2
459,服饰内衣,男装,夹克,梵逆（FAAXNEEV）,3416.0,2,6832.0,2
460,服饰内衣,男装,夹克,棉致,149.0,6,894.0,6
461,服饰内衣,男装,夹克,棉致,133.2,3,399.59999999999997,3
462,服饰内衣,男装,夹克,海澜优选,159.0,165,26235.0,163
463,服饰内衣,男装,夹克,海澜优选,158.0,108,17064.0,108
464,服饰内衣,男装,夹克,海澜优选,219.0,50,10950.0,50
465,服饰内衣,男装,夹克,海澜优选,229.0,50,11450.0,50
466,服饰内衣,男装,夹克,海澜优选,239.0,50,11950.0,50
467,服饰内衣,男装,夹克,海澜优选,139.0,39,5421.0,39
468,服饰内衣,男装,夹克,海澜优选,215.1,4,860.4,4
469,服饰内衣,男装,夹克,海澜优选,161.0,1,161.0,1
470,服饰内衣,男装,夹克,爱洛斯汀堡（Elos Castle）,128.0,50,6400.0,50
471,服饰内衣,男装,夹克,琛倪,69.0,50,3450.0,50
472,服饰内衣,男装,夹克,画子木（HUAZIMU）,138.0,50,6900.0,47
473,服饰内衣,男装,夹克,稻草人（MEXICAN）,138.0,91,12558.0,88
474,服饰内衣,男装,夹克,稻草人（MEXICAN）,158.0,50,7900.0,48
475,服饰内衣,男装,夹克,稻草人（mexican）,198.0,47,9306.0,47
476,服饰内衣,男装,夹克,红豆（Hodo）,329.0,50,16450.0,49
477,服饰内衣,男装,夹克,罗蒙（ROMON）,159.0,100,15900.0,100
478,服饰内衣,男装,夹克,罗蒙（ROMON）,399.0,86,34314.0,86
479,服饰内衣,男装,夹克,罗蒙（ROMON）,329.0,79,25991.0,77
480,服饰内衣,男装,夹克,罗蒙（ROMON）,299.0,78,23322.0,74
481,服饰内衣,男装,夹克,罗蒙（ROMON）,149.0,50,7450.0,50
482,服饰内衣,男装,夹克,罗蒙（ROMON）,168.0,50,8400.0,50
483,服饰内衣,男装,夹克,罗蒙（ROMON）,199.0,50,9950.0,44
484,服饰内衣,男装,夹克,罗蒙（ROMON）,369.0,50,18450.0,50
485,服饰内衣,男装,夹克,罗蒙（ROMON）,198.0,49,9702.0,49
486,服饰内衣,男装,夹克,罗蒙（ROMON）,151.0,45,6795.0,45
487,服饰内衣,男装,夹克,罗蒙（ROMON）,279.0,44,12276.0,44
488,服饰内衣,男装,夹克,罗蒙（ROMON）,160.0,23,3680.0,23
489,服饰内衣,男装,夹克,罗蒙（ROMON）,258.0,11,2838.0,11
490,服饰内衣,男装,夹克,罗蒙（ROMON）,151.2,6,907.1999999999999,6
491,服饰内衣,男装,夹克,罗蒙（ROMON）,238.0,6,1428.0,6
492,服饰内衣,男装,夹克,罗蒙（ROMON）,228.0,5,1140.0,5
493,服饰内衣,男装,夹克,罗蒙（ROMON）,128.0,4,512.0,4
494,服饰内衣,男装,夹克,罗蒙（ROMON）,188.0,3,564.0,3
495,服饰内衣,男装,夹克,罗蒙（ROMON）,179.0,1,179.0,1
496,服饰内衣,男装,夹克,艾蓓罗（Abellone）,1299.0,6,7794.0,6
497,服饰内衣,男装,夹克,花花公子,139.0,50,6950.0,50
498,服饰内衣,男装,夹克,花花公子,229.0,48,10992.0,48
499,服饰内衣,男装,夹克,花花公子,188.0,39,7332.0,39
500,服饰内衣,男装,夹克,花花公子,199.0,24,4776.0,24
501,服饰内衣,男装,夹克,花花公子（PLAYBOY）,149.0,50,7450.0,49
502,服饰内衣,男装,夹克,花花公子（PLAYBOY）,288.0,10,2880.0,10
503,服饰内衣,男装,夹克,蓝骏启,198.0,3,594.0,3
504,服饰内衣,男装,夹克,袋鼠（DaiShu）,138.0,50,6900.0,50
505,服饰内衣,男装,夹克,袋鼠（DaiShu）,148.0,50,7400.0,50
506,服饰内衣,男装,夹克,遥渠（YAO QU）,108.0,50,5400.0,50
507,服饰内衣,男装,夹克,邦左邦右（BANGZUOBANGYOU）,118.0,50,5900.0,50
508,服饰内衣,男装,夹克,酷定律（KUDINGLV）,148.0,25,3700.0,25
509,服饰内衣,男装,夹克,雅戈尔（YOUNGOR）,779.0,50,38950.0,50
510,服饰内衣,男装,夹克,鳄鱼恤（CROCODILE）,128.0,50,6400.0,49
511,服饰内衣,男装,夹克,鳄鱼恤（CROCODILE）,158.0,50,7900.0,50
512,服饰内衣,男装,夹克,鳄鱼恤（CROCODILE）,168.0,50,8400.0,50
513,服饰内衣,男装,棉服,千途帝,188.0,7,1316.0,7
514,服饰内衣,男装,牛仔裤,京东京造,109.0,50,5450.0,50
515,服饰内衣,男装,牛仔裤,京东京造,179.0,50,8950.0,49
516,服饰内衣,男装,牛仔裤,西域骆驼（VANCAMEL）,89.0,50,4450.0,50
517,服饰内衣,男装,衬衫,Colombass,169.0,50,8450.0,50
518,服饰内衣,男装,衬衫,grosfairy,679.0,6,4074.0,6
519,服饰内衣,男装,衬衫,京东京造,109.0,50,5450.0,50
520,服饰内衣,男装,衬衫,杉杉（FIRS）,228.0,50,11400.0,50
521,服饰内衣,男装,衬衫,罗蒙（ROMON）,269.0,50,13450.0,50
522,服饰内衣,男装,针织衫,与狼共舞（DANCING WOLVES）,259.0,50,12950.0,50
523,服饰内衣,男装,针织衫,卡帝乐鳄鱼（CARTELO）,158.0,50,7900.0,50
524,服饰内衣,男装,针织衫,啄木鸟（TUCANO）,99.0,50,4950.0,50
525,服饰内衣,男装,针织衫,寄风,69.0,50,3450.0,50
526,服饰内衣,男装,针织衫,罗蒙（ROMON）,179.0,50,8950.0,49
527,母婴,童装,T恤,Classic Teddy,59.9,17,1018.3,0
528,母婴,童装,T恤,Gap,99.0,4,396.0,0
529,母婴,童装,T恤,史努比（SNOOPY）,62.9,9,566.1,9
530,母婴,童装,T恤,史努比（SNOOPY）,71.9,6,431.40000000000003,0
531,母婴,童装,T恤,多妙屋,49.9,4,199.6,0
532,母婴,童装,T恤,真维斯（Jeanswest）,79.9,4,319.6,2
533,母婴,童装,T恤,迪士尼（Disney）,49.0,21,1029.0,21
534,母婴,童装,儿童配饰,卡度熊（KADUXIONG）,26.8,44,1179.2,0
535,母婴,童装,儿童配饰,泡椒熊（pepperbear）,14.9,50,745.0,50
536,母婴,童装,儿童配饰,爱宝适,18.6,16,297.6,1
537,母婴,童装,内衣裤,恒源祥,69.0,9,621.0,0
538,母婴,童装,卫衣,Classic Teddy,79.9,2,159.8,0
539,母婴,童装,卫衣,李宁（LI-NING）,119.0,2,238.0,0
540,母婴,童装,卫衣,李宁（LI-NING）,59.0,1,59.0,1
541,母婴,童装,外套/大衣,FILA,719.1,50,35955.0,50
542,母婴,童装,外套/大衣,FILA,589.1,1,589.1,0
543,母婴,童装,外套/大衣,乐菲狗（LeFeiGou）,118.0,100,11800.0,50
544,母婴,童装,外套/大衣,优贝宜（YOBEYI）,89.9,1,89.9,0
545,母婴,童装,外套/大衣,史努比（SNOOPY）,219.0,1,219.0,0
546,母婴,童装,外套/大衣,左西,99.0,2,198.0,0
547,母婴,童装,外套/大衣,巴拉巴拉（BALABALA）,206.9,3,620.7,0
548,母婴,童装,外套/大衣,戴维贝拉（DAVE＆BELLA）,179.0,2,358.0,0
549,母婴,童装,外套/大衣,素·小孩（SU CHILD）,106.0,25,2650.0,0
550,母婴,童装,外套/大衣,维维童（WEIWEITONG）,106.0,2,212.0,0
551,母婴,童装,外套/大衣,蕉下（beneunder）,169.0,64,10816.0,32
552,母婴,童装,外套/大衣,迪士尼（Disney）,260.9,4,1043.6,2
553,母婴,童装,外套/大衣,迪士尼（Disney）,79.0,2,158.0,0
554,母婴,童装,套装,361°,189.9,4,759.6,0
555,母婴,童装,套装,MARC&JANIE,119.0,16,1904.0,0
556,母婴,童装,套装,MARC&JANIE,159.0,5,795.0,5
557,母婴,童装,套装,Seafung,398.0,14,5572.0,0
558,母婴,童装,套装,THINKPIRE,139.0,25,3475.0,0
559,母婴,童装,套装,ining inn,118.0,50,5900.0,0
560,母婴,童装,套装,七匹狼（SEPTWOLVES）,111.0,5,555.0,0
561,母婴,童装,套装,七匹狼（SEPTWOLVES）,122.0,5,610.0,0
562,母婴,童装,套装,丹图森,37.0,6,222.0,0
563,母婴,童装,套装,丹莎柔（DANSHAROU）,139.0,2,278.0,1
564,母婴,童装,套装,乐班比（LEBANBI）,129.0,50,6450.0,0
565,母婴,童装,套装,乐班比（LEBANBI）,149.0,2,298.0,0
566,母婴,童装,套装,众嗨,19.88,10,198.79999999999998,5
567,母婴,童装,套装,南极人（Nanjiren）,89.0,100,8900.0,50
568,母婴,童装,套装,南极人（Nanjiren）,196.0,100,19600.0,50
569,母婴,童装,套装,嘟嘟家,159.0,64,10176.0,32
570,母婴,童装,套装,噜咻咻,129.0,50,6450.0,0
571,母婴,童装,套装,噜咻咻,149.0,17,2533.0,0
572,母婴,童装,套装,奥蒙威（AOMENGWEI）,85.0,1,85.0,0
573,母婴,童装,套装,安踏（ANTA）,129.0,6,774.0,3
574,母婴,童装,套装,安踏（ANTA）,289.0,1,289.0,0
575,母婴,童装,套装,小咕嘟熊（XIAOGUDUXIONG）,99.0,100,9900.0,0
576,母婴,童装,套装,小咕嘟熊（XIAOGUDUXIONG）,148.0,50,7400.0,0
577,母婴,童装,套装,巴拉巴拉（BALABALA）,176.9,9,1592.1000000000001,0
578,母婴,童装,套装,巴拉巴拉（BALABALA）,209.9,7,1469.3,0
579,母婴,童装,套装,心可派儿,118.0,51,6018.0,50
580,母婴,童装,套装,森葩（Senpa）,98.0,50,4900.0,0
581,母婴,童装,套装,童榜,118.0,50,5900.0,50
582,母婴,童装,套装,素·小孩（SU CHILD）,87.0,8,696.0,4
583,母婴,童装,套装,耐克（NIKE）,329.0,43,14147.0,0
584,母婴,童装,套装,耐克（NIKE）,389.0,6,2334.0,0
585,母婴,童装,套装,萌萌岛（MENGMENGDAO）,89.0,6,534.0,0
586,母婴,童装,套装,衣喔衣,168.0,1,168.0,0
587,母婴,童装,套装,诺佳微淇,116.0,100,11600.0,50
588,母婴,童装,套装,诺佳微淇,159.0,2,318.0,0
589,母婴,童装,套装,贝孩趣,99.0,50,4950.0,0
590,母婴,童装,套装,贝贝怡,99.0,17,1683.0,1
591,母婴,童装,套装,迪士尼（Disney）,109.0,35,3815.0,0
592,母婴,童装,套装,迪士尼（Disney）,170.05,5,850.25,5
593,母婴,童装,套装,迪士尼（Disney）,159.0,2,318.0,0
594,母婴,童装,套装,迪士尼（Disney）,169.0,1,169.0,0
595,母婴,童装,套装,邻家米其（LINJIAMIQI）,138.0,40,5520.0,0
596,母婴,童装,套装,邻家米其（LINJIAMIQI）,128.0,12,1536.0,0
597,母婴,童装,套装,鸿星尔克（ERKE）,269.0,8,2152.0,0
598,母婴,童装,套装,鸿星尔克（ERKE）,294.0,2,588.0,0
599,母婴,童装,家居服,家居服套装,108.0,50,5400.0,1
600,母婴,童装,毛衣/针织衫,CZDZ,99.0,10,990.0,0
601,母婴,童装,羽绒服,TOREAD kids,258.9,14,3624.5999999999995,0
602,母婴,童装,羽绒服,雪中飞（SNOWFLYING）,319.0,50,15950.0,0
603,母婴,童装,裤子,361°,109.9,148,16265.2,74
604,母婴,童装,裤子,361°,89.9,19,1708.1000000000001,19
605,母婴,童装,裤子,Classic Teddy,79.9,7,559.3000000000001,0
606,母婴,童装,裤子,Converse,139.0,3,417.0,0
607,母婴,童装,裤子,TOREAD kids,218.9,7,1532.3,0
608,母婴,童装,裤子,七匹狼（SEPTWOLVES）,38.0,2,76.0,2
609,母婴,童装,裤子,乔治少爷（GRADYBOY）,79.0,19,1501.0,0
610,母婴,童装,裤子,安踏（ANTA）,169.0,41,6929.0,28
611,母婴,童装,裤子,安踏（ANTA）,68.0,2,136.0,1
612,母婴,童装,裤子,宝慕黛,29.0,2,58.0,0
613,母婴,童装,裤子,左西,69.0,6,414.0,2
614,母婴,童装,裤子,巴拉巴拉（BALABALA）,113.9,14,1594.6000000000001,14
615,母婴,童装,裤子,巴拉巴拉（BALABALA）,89.0,9,801.0,0
616,母婴,童装,裤子,巴拉巴拉（BALABALA）,94.9,4,379.6,0
617,母婴,童装,裤子,巴拉巴拉（BALABALA）,144.0,1,144.0,0
618,母婴,童装,裤子,拉比（Labi Baby）,88.0,1,88.0,0
619,母婴,童装,裤子,斯凯奇（Skechers）,187.0,5,935.0,5
620,母婴,童装,裤子,暇步士（Hush Puppies）,239.0,1,239.0,0
621,母婴,童装,裤子,特步（XTEP）,109.9,2,219.8,0
622,母婴,童装,裤子,真维斯（Jeanswest）,69.0,18,1242.0,0
623,母婴,童装,裤子,诺佳微淇,88.0,100,8800.0,50
624,母婴,童装,裤子,诺佳微淇,89.0,34,3026.0,0
625,母婴,童装,裤子,迪士尼（DISNEY）,89.9,24,2157.6000000000004,12
626,母婴,童装,裤子,迪士尼（DISNEY）,79.9,2,159.8,0
627,母婴,童装,裤子,迪士尼（Disney）,129.9,3,389.70000000000005,0
628,母婴,童装,裤子,迪士尼（Disney）,158.3,2,316.6,0
629,母婴,童装,裤子,雪中飞（SNOWFLYING）,339.0,8,2712.0,0
630,母婴,童鞋,儿童运动鞋,361°,129.9,50,6495.0,49
631,母婴,童鞋,儿童运动鞋,361°,119.9,11,1318.9,11
632,母婴,童鞋,儿童运动鞋,361°,139.9,10,1399.0,10
633,母婴,童鞋,儿童运动鞋,361°,89.0,6,534.0,6
634,母婴,童鞋,儿童运动鞋,361°,184.0,5,920.0,5
635,母婴,童鞋,儿童运动鞋,361°,174.0,4,696.0,4
636,母婴,童鞋,儿童运动鞋,361°,199.9,3,599.7,3
637,母婴,童鞋,儿童运动鞋,361°,164.0,2,328.0,2
638,母婴,童鞋,儿童运动鞋,B.Duck,159.0,5,795.0,5
639,母婴,童鞋,儿童运动鞋,DX&yibaa,85.0,7,595.0,6
640,母婴,童鞋,儿童运动鞋,KUAITON,158.0,50,7900.0,50
641,母婴,童鞋,儿童运动鞋,TOREAD kids,179.0,19,3401.0,12
642,母婴,童鞋,儿童运动鞋,UHFEJ,34.78,4,139.12,4
643,母婴,童鞋,儿童运动鞋,WONST,128.0,18,2304.0,18
644,母婴,童鞋,儿童运动鞋,公子玉,98.0,9,882.0,9
645,母婴,童鞋,儿童运动鞋,勇高（YONGGAO）,79.0,5,395.0,5
646,母婴,童鞋,儿童运动鞋,史努比（SNOOPY）,99.0,3,297.0,3
647,母婴,童鞋,儿童运动鞋,哈比熊（HOBIBEAR）,79.0,100,7900.0,100
648,母婴,童鞋,儿童运动鞋,哈比熊（HOBIBEAR）,79.9,37,2956.3,37
649,母婴,童鞋,儿童运动鞋,回力,69.9,20,1398.0,10
650,母婴,童鞋,儿童运动鞋,回力（Warrior）,99.0,50,4950.0,50
651,母婴,童鞋,儿童运动鞋,回力（Warrior）,69.9,12,838.8000000000001,12
652,母婴,童鞋,儿童运动鞋,回力（Warrior）,89.9,1,89.9,1
653,母婴,童鞋,儿童运动鞋,天美意（TEENMIX）,199.0,3,597.0,3
654,母婴,童鞋,儿童运动鞋,安踏（ANTA）,149.0,63,9387.0,50
655,母婴,童鞋,儿童运动鞋,安踏（ANTA）,199.0,58,11542.0,58
656,母婴,童鞋,儿童运动鞋,安踏（ANTA）,239.0,50,11950.0,50
657,母婴,童鞋,儿童运动鞋,安踏（ANTA）,159.0,48,7632.0,48
658,母婴,童鞋,儿童运动鞋,安踏（ANTA）,199.01,28,5572.28,28
659,母婴,童鞋,儿童运动鞋,安踏（ANTA）,279.0,28,7812.0,28
660,母婴,童鞋,儿童运动鞋,安踏（ANTA）,289.0,9,2601.0,9
661,母婴,童鞋,儿童运动鞋,安踏（ANTA）,169.0,7,1183.0,7
662,母婴,童鞋,儿童运动鞋,安踏（ANTA）,219.0,5,1095.0,5
663,母婴,童鞋,儿童运动鞋,安踏（ANTA）,499.0,2,998.0,2
664,母婴,童鞋,儿童运动鞋,宝慕黛,49.0,3,147.0,3
665,母婴,童鞋,儿童运动鞋,宝慕黛,55.0,3,165.0,3
666,母婴,童鞋,儿童运动鞋,巴布豆（BOBDOG）,119.0,36,4284.0,36
667,母婴,童鞋,儿童运动鞋,巴布豆（BOBDOG）,89.0,25,2225.0,17
668,母婴,童鞋,儿童运动鞋,巴布豆（BOBDOG）,79.0,22,1738.0,22
669,母婴,童鞋,儿童运动鞋,巴布豆（BOBDOG）,99.0,8,792.0,8
670,母婴,童鞋,儿童运动鞋,巴布豆（BOBDOG）,79.9,5,399.5,5
671,母婴,童鞋,儿童运动鞋,巴拉巴拉（BALABALA）,128.9,2,257.8,2
672,母婴,童鞋,儿童运动鞋,彤弗（TUNFO）,128.0,14,1792.0,14
673,母婴,童鞋,儿童运动鞋,斯凯奇（Skechers）,257.0,80,20560.0,80
674,母婴,童鞋,儿童运动鞋,斯凯奇（Skechers）,259.0,11,2849.0,11
675,母婴,童鞋,儿童运动鞋,斯凯奇（Skechers）,241.0,8,1928.0,8
676,母婴,童鞋,儿童运动鞋,斯凯奇（Skechers）,336.0,7,2352.0,7
677,母婴,童鞋,儿童运动鞋,斯凯奇（Skechers）,279.0,6,1674.0,6
678,母婴,童鞋,儿童运动鞋,斯凯奇（Skechers）,339.0,1,339.0,1
679,母婴,童鞋,儿童运动鞋,木西十,68.0,5,340.0,5
680,母婴,童鞋,儿童运动鞋,木西十,58.0,1,58.0,1
681,母婴,童鞋,儿童运动鞋,李宁（LI-NING）,179.0,5,895.0,5
682,母婴,童鞋,儿童运动鞋,李宁（LI-NING）,298.0,5,1490.0,5
683,母婴,童鞋,儿童运动鞋,李宁（LI-NING）,188.0,4,752.0,4
684,母婴,童鞋,儿童运动鞋,李宁（LI-NING）,238.01,2,476.02,2
685,母婴,童鞋,儿童运动鞋,李宁（LI-NING）,169.0,1,169.0,1
686,母婴,童鞋,儿童运动鞋,牧童,59.0,1,59.0,1
687,母婴,童鞋,儿童运动鞋,特步（XTEP）,139.9,172,24062.8,172
688,母婴,童鞋,儿童运动鞋,特步（XTEP）,109.9,100,10990.0,99
689,母婴,童鞋,儿童运动鞋,特步（XTEP）,129.9,78,10132.2,78
690,母婴,童鞋,儿童运动鞋,特步（XTEP）,89.0,50,4450.0,50
691,母婴,童鞋,儿童运动鞋,特步（XTEP）,189.9,50,9495.0,50
692,母婴,童鞋,儿童运动鞋,特步（XTEP）,119.9,16,1918.4,16
693,母婴,童鞋,儿童运动鞋,特步（XTEP）,119.0,15,1785.0,15
694,母婴,童鞋,儿童运动鞋,特步（XTEP）,169.9,8,1359.2,8
695,母婴,童鞋,儿童运动鞋,特步（XTEP）,269.9,1,269.9,1
696,母婴,童鞋,儿童运动鞋,耐克（NIKE）,469.0,50,23450.0,50
697,母婴,童鞋,儿童运动鞋,耐克（NIKE）,399.0,49,19551.0,49
698,母婴,童鞋,儿童运动鞋,耐克（NIKE）,329.0,6,1974.0,6
699,母婴,童鞋,儿童运动鞋,耐克（NIKE）,299.0,1,299.0,1
700,母婴,童鞋,儿童运动鞋,耐克（NIKE）,389.0,1,389.0,1
701,母婴,童鞋,儿童运动鞋,耐克（NIKE）,429.0,1,429.0,1
702,母婴,童鞋,儿童运动鞋,耐克（NIKE）,529.0,1,529.0,1
703,母婴,童鞋,儿童运动鞋,观睿（GUANRUI）,158.0,50,7900.0,50
704,母婴,童鞋,儿童运动鞋,轩途诗,59.0,50,2950.0,49
705,母婴,童鞋,儿童运动鞋,迪卡侬（DECATHLON）,99.9,8,799.2,8
706,母婴,童鞋,儿童运动鞋,迪士尼,64.0,1,64.0,1
707,母婴,童鞋,儿童运动鞋,迪士尼（DISNEY）,99.9,4,399.6,4
708,母婴,童鞋,儿童运动鞋,迪士尼（DISNEY）,109.9,4,439.6,4
709,母婴,童鞋,儿童运动鞋,迪士尼（DISNEY）,119.9,2,239.8,2
710,母婴,童鞋,儿童运动鞋,迪士尼（DISNEY）,169.9,1,169.9,1
711,母婴,童鞋,儿童运动鞋,迪士尼（Disney）,149.0,10,1490.0,10
712,母婴,童鞋,儿童运动鞋,迪士尼（Disney）,139.0,2,278.0,2
713,母婴,童鞋,儿童运动鞋,迪士尼（Disney）,87.0,1,87.0,1
714,母婴,童鞋,儿童运动鞋,阿迪达斯 （adidas）,429.0,3,1287.0,3
715,母婴,童鞋,儿童运动鞋,阿迪达斯（adidas）,316.0,18,5688.0,9
716,母婴,童鞋,儿童运动鞋,阿迪达斯（adidas）,364.0,4,1456.0,4
717,母婴,童鞋,儿童运动鞋,阿迪达斯（adidas）,328.0,3,984.0,3
718,母婴,童鞋,儿童运动鞋,阿迪达斯（adidas）,211.0,1,211.0,1
719,母婴,童鞋,儿童运动鞋,鸿星尔克（ERKE）,149.0,60,8940.0,60
720,母婴,童鞋,儿童运动鞋,鸿星尔克（ERKE）,147.0,38,5586.0,38
721,母婴,童鞋,儿童运动鞋,鸿星尔克（ERKE）,137.0,37,5069.0,37
722,母婴,童鞋,儿童运动鞋,鸿星尔克（ERKE）,159.0,24,3816.0,16
723,母婴,童鞋,儿童运动鞋,鸿星尔克（ERKE）,176.0,22,3872.0,22
724,母婴,童鞋,儿童运动鞋,鸿星尔克（ERKE）,179.0,11,1969.0,11
725,母婴,童鞋,儿童运动鞋,鸿星尔克（ERKE）,129.0,7,903.0,7
726,母婴,童鞋,学步鞋/步前鞋,G.DUCKKIDS,59.0,1,59.0,1
727,母婴,童鞋,学步鞋/步前鞋,bc babycare,259.0,1,259.0,1
728,母婴,童鞋,学步鞋/步前鞋,bc babycare,299.0,1,299.0,1
729,母婴,童鞋,学步鞋/步前鞋,卡特兔（CRTARTU）,169.9,9,1529.1000000000001,9
730,母婴,童鞋,学步鞋/步前鞋,卡特兔（CRTARTU）,189.9,7,1329.3,7
731,母婴,童鞋,学步鞋/步前鞋,巴拉巴拉（BALABALA）,113.9,17,1936.3000000000002,17
732,母婴,童鞋,学步鞋/步前鞋,托姆贝克（ThomBaker）,79.0,26,2054.0,26
733,母婴,童鞋,学步鞋/步前鞋,棉贝豆（mianbeidou）,29.6,15,444.0,15
734,母婴,童鞋,学步鞋/步前鞋,江博士（Dr.kong）,285.0,26,7410.0,26
735,母婴,童鞋,学步鞋/步前鞋,江博士（Dr.kong）,204.0,8,1632.0,8
736,母婴,童鞋,学步鞋/步前鞋,江博士（Dr.kong）,183.0,7,1281.0,7
737,母婴,童鞋,学步鞋/步前鞋,泰兰尼斯,398.0,20,7960.0,10
738,母婴,童鞋,学步鞋/步前鞋,泰兰尼斯,368.0,13,4784.0,13
739,母婴,童鞋,学步鞋/步前鞋,贝贝怡,59.9,50,2995.0,50
740,母婴,童鞋,学步鞋/步前鞋,越贝乐,18.86,1,18.86,1
741,母婴,童鞋,皮鞋,意尔康,125.9,50,6295.0,50
742,汽车用品,安全自驾,自驾野营,趣行,9.9,50,495.0,50
743,汽车用品,安全自驾,自驾野营,趣行,25.0,50,1250.0,50
744,玩具乐器,娃娃玩具,换装娃娃,芷罗（GELOENA）,38.7,1,38.7,0
745,玩具乐器,音乐玩具,音乐盒,助城,27.8,23,639.4,23
746,珠宝首饰,时尚饰品,手链/脚链,MOLC,49.0,41,2009.0,41
747,珠宝首饰,时尚饰品,手链/脚链,MOLC,39.0,20,780.0,20
748,珠宝首饰,时尚饰品,手链/脚链,Orange Cube,899.0,11,9889.0,11
749,珠宝首饰,时尚饰品,手链/脚链,QIMEILA,398.0,50,19900.0,50
750,珠宝首饰,时尚饰品,手链/脚链,戚小米（QI XIAO MI）,19.8,16,316.8,13
751,珠宝首饰,时尚饰品,手链/脚链,潘多拉（PANDORA）,528.0,24,12672.0,8
752,珠宝首饰,时尚饰品,毛衣链,伊黛儿,49.0,45,2205.0,45
753,珠宝首饰,时尚饰品,胸针,BOGLIA,3498.0,19,66462.0,0
754,珠宝首饰,时尚饰品,胸针,Eternelle,323.0,50,16150.0,49
755,珠宝首饰,时尚饰品,胸针,Eternelle,408.0,50,20400.0,50
756,珠宝首饰,时尚饰品,胸针,Eternelle,358.0,16,5728.0,8
757,珠宝首饰,时尚饰品,胸针,Jay,295.0,21,6195.0,21
758,珠宝首饰,时尚饰品,胸针,MOLC,129.0,5,645.0,5
759,珠宝首饰,时尚饰品,胸针,MOLC,18.0,1,18.0,1
760,珠宝首饰,时尚饰品,胸针,SENDME,259.0,50,12950.0,50
761,珠宝首饰,时尚饰品,胸针,SENDME,80.0,28,2240.0,12
762,珠宝首饰,时尚饰品,胸针,SENDME,169.0,3,507.0,3
763,珠宝首饰,时尚饰品,胸针,She's,195.0,50,9750.0,0
764,珠宝首饰,时尚饰品,胸针,She's,429.0,17,7293.0,1
765,珠宝首饰,时尚饰品,胸针,YYEU,41.4,10,414.0,10
766,珠宝首饰,时尚饰品,胸针,beauty whole,9.9,15,148.5,15
767,珠宝首饰,时尚饰品,胸针,伊莉洛,25.8,50,1290.0,50
768,珠宝首饰,时尚饰品,胸针,伊黛儿,59.0,56,3304.0,56
769,珠宝首饰,时尚饰品,胸针,伊黛儿,79.0,28,2212.0,28
770,珠宝首饰,时尚饰品,胸针,伊黛儿,39.9,10,399.0,10
771,珠宝首饰,时尚饰品,胸针,伊黛儿,89.0,2,178.0,2
772,珠宝首饰,时尚饰品,胸针,伊黛儿,69.0,1,69.0,1
773,珠宝首饰,时尚饰品,胸针,冠带,39.0,50,1950.0,49
774,珠宝首饰,时尚饰品,胸针,冠带,119.0,49,5831.0,49
775,珠宝首饰,时尚饰品,胸针,古耐,168.0,96,16128.0,48
776,珠宝首饰,时尚饰品,胸针,古耐,138.0,68,9384.0,39
777,珠宝首饰,时尚饰品,胸针,古耐,268.0,35,9380.0,34
778,珠宝首饰,时尚饰品,胸针,古耐,159.0,28,4452.0,28
779,珠宝首饰,时尚饰品,胸针,古耐,99.0,24,2376.0,24
780,珠宝首饰,时尚饰品,胸针,沫兰（MOLADY）,121.6,4,486.4,4
781,珠宝首饰,时尚饰品,胸针,纪诗哲（GIEVSZHE）,999.0,30,29970.0,30
782,珠宝首饰,时尚饰品,胸针,纪诗哲（GIEVSZHE）,1288.0,2,2576.0,2
783,珠宝首饰,时尚饰品,胸针,纪诗哲（GIEVSZHE）,1468.0,2,2936.0,2
784,珠宝首饰,时尚饰品,胸针,纪诗哲（GIEVSZHE）,2168.0,2,4336.0,2
785,珠宝首饰,时尚饰品,胸针,纪诗哲（GIEVSZHE）,1299.0,1,1299.0,1
786,珠宝首饰,时尚饰品,胸针,纪诗哲（GIEVSZHE）,3999.0,1,3999.0,1
787,珠宝首饰,时尚饰品,胸针,缔晶,228.0,20,4560.0,20
788,珠宝首饰,时尚饰品,胸针,茜子（She's）,229.0,10,2290.0,10
789,珠宝首饰,时尚饰品,胸针,茜子（She's）,199.0,9,1791.0,9
790,珠宝首饰,时尚饰品,胸针,茜子（She's）,399.0,5,1995.0,5
791,珠宝首饰,时尚饰品,胸针,莉迪卡娜（LADY COLOR）,308.0,2,616.0,2
792,珠宝首饰,时尚饰品,胸针,诗筠（SHIJUN）,109.0,1,109.0,1
793,珠宝首饰,时尚饰品,胸针,飞花,18.8,6,112.80000000000001,6
794,珠宝首饰,时尚饰品,项链,AHK,99.0,30,2970.0,29
795,珠宝首饰,时尚饰品,项链,BOGLIA,12530.0,10,125300.0,10
796,珠宝首饰,时尚饰品,项链,KVK,313.0,36,11268.0,0
797,珠宝首饰,时尚饰品,项链,KVK,528.0,14,7392.0,0
798,珠宝首饰,时尚饰品,项链,MOLC,79.0,25,1975.0,25
799,珠宝首饰,时尚饰品,项链,MOLC,26.8,10,268.0,10
800,珠宝首饰,时尚饰品,项链,MOLC,39.0,2,78.0,2
801,珠宝首饰,时尚饰品,项链,MOLC,59.0,1,59.0,1
802,珠宝首饰,时尚饰品,项链,TULM,39.9,3,119.69999999999999,3
803,珠宝首饰,时尚饰品,项链,TURBOSUN,99.0,4,396.0,4
804,珠宝首饰,时尚饰品,项链,YYEU,56.0,50,2800.0,50
805,珠宝首饰,时尚饰品,项链,ZEGL,89.0,12,1068.0,12
806,珠宝首饰,时尚饰品,项链,ZEGL,64.0,1,64.0,1
807,珠宝首饰,时尚饰品,项链,ZEGL,125.0,1,125.0,1
808,珠宝首饰,时尚饰品,项链,deeliz,109.0,9,981.0,9
809,珠宝首饰,时尚饰品,项链,亦能,26.0,1,26.0,1
810,珠宝首饰,时尚饰品,项链,伊莉洛,26.8,36,964.8000000000001,36
811,珠宝首饰,时尚饰品,项链,千宝莱,29.0,47,1363.0,47
812,珠宝首饰,时尚饰品,项链,吴越老银铺,59.0,1,59.0,1
813,珠宝首饰,时尚饰品,项链,库诚,32.0,26,832.0,25
814,珠宝首饰,时尚饰品,项链,彦遇,138.0,21,2898.0,20
815,珠宝首饰,时尚饰品,项链,彩莱娅（CAILAIYA）,15.0,50,750.0,50
816,珠宝首饰,时尚饰品,项链,戚小米,29.0,26,754.0,25
817,珠宝首饰,时尚饰品,项链,戚小米,39.0,14,546.0,14
818,珠宝首饰,时尚饰品,项链,戚小米（QI XIAO MI）,29.0,15,435.0,14
819,珠宝首饰,时尚饰品,项链,束芬,39.0,10,390.0,10
820,珠宝首饰,时尚饰品,项链,柯芙尼（kefuni）,109.0,50,5450.0,49
821,珠宝首饰,时尚饰品,项链,桑玛,39.0,43,1677.0,43
822,珠宝首饰,时尚饰品,项链,榛橙,89.0,7,623.0,7
823,珠宝首饰,时尚饰品,项链,欧颜（OYshipin）,109.0,3,327.0,3
824,珠宝首饰,时尚饰品,项链,沉鱼落雁（ARFISH）,93.0,51,4743.0,51
825,珠宝首饰,时尚饰品,项链,玖维娅（Jiuvia）,39.9,1,39.9,1
826,珠宝首饰,时尚饰品,项链,红狮子,39.0,16,624.0,16
827,珠宝首饰,时尚饰品,项链,红狮子,35.1,5,175.5,5
828,珠宝首饰,时尚饰品,项链,飞花,27.0,82,2214.0,41
829,珠宝首饰,时尚饰品,饰品配件,倾欣,20.0,51,1020.0,50
830,珠宝首饰,时尚饰品,饰品配件,倾欣,25.0,16,400.0,16
831,珠宝首饰,时尚饰品,饰品配件,湘歌,55.0,7,385.0,7
832,珠宝首饰,时尚饰品,饰品配件,藏鸿阁（CANGHONGGE WENWAN）,98.0,3,294.0,3
833,珠宝首饰,黄金,黄金转运珠,御邪,30.0,50,1500.0,45
834,运动户外,户外装备,户外配饰,ALPINT MOUNTAIN,10.9,50,545.0,50
835,运动户外,户外装备,户外配饰,入梦,39.0,21,819.0,20
836,运动户外,户外装备,户外配饰,惠寻,9.99,52,519.48,52
837,运动户外,户外装备,户外配饰,贞喜气,25.9,100,2590.0,48
838,运动户外,户外装备,户外配饰,靓金太,9.9,50,495.0,50
839,运动户外,户外鞋服,冲锋衣裤,Simboo,189.9,50,9495.0,50
840,运动户外,户外鞋服,功能内衣,京东京造,119.0,50,5950.0,49
841,运动户外,运动服饰,卫衣/套头衫,安踏（ANTA）,149.01,50,7450.5,50
842,运动户外,运动服饰,卫衣/套头衫,李宁,88.0,50,4400.0,50
843,运动户外,运动服饰,卫衣/套头衫,李宁（LI-NING）,127.0,50,6350.0,50
844,运动户外,运动服饰,卫衣/套头衫,李宁（LI-NING）,135.0,50,6750.0,50
845,运动户外,运动服饰,卫衣/套头衫,特步（XTEP）,99.0,50,4950.0,48
846,运动户外,运动服饰,夹克/风衣,耐克（NIKE）,259.0,50,12950.0,50
847,运动户外,运动服饰,套装,京东京造,229.0,50,11450.0,50
848,运动户外,运动服饰,运动配饰,nike,69.0,50,3450.0,0
849,运动户外,运动服饰,运动配饰,安德玛（UNDERARMOUR）,69.0,32,2208.0,0
850,运动户外,运动服饰,运动配饰,安踏（ANTA）,62.0,2,124.0,0
851,运动户外,运动服饰,运动配饰,幂探,3.9,50,195.0,0
852,运动户外,运动服饰,运动配饰,彪马（PUMA）,79.0,50,3950.0,49
853,运动户外,运动服饰,运动配饰,李宁,59.0,50,2950.0,0
854,运动户外,运动服饰,运动配饰,特步（XTEP）,59.0,49,2891.0,1
855,运动户外,运动服饰,运动配饰,耐克（NIKE）,78.0,50,3900.0,0
856,运动户外,运动服饰,运动配饰,迪卡侬（DECATHLON）,19.9,72,1432.8,0
857,运动户外,运动服饰,运动配饰,迪卡侬（DECATHLON）,24.9,50,1245.0,0
858,运动户外,运动服饰,运动配饰,里海狼（CASPIAN WOLF）,19.9,50,994.9999999999999,50
859,运动户外,运动服饰,运动配饰,阿迪达斯 （adidas）,89.0,50,4450.0,1
860,运动户外,运动鞋包,运动休闲鞋,ADIDAS,389.0,50,19450.0,50
